{"cameraMode":{"drawMode":0,"name":"Shaded","section":"Shading Mode"},"sceneLighting":true,"audioPlay":false,"sceneViewState":{"m_AlwaysRefresh":false,"showFog":true,"showSkybox":true,"showFlares":true,"showImageEffects":true,"showParticleSystems":true,"showVisualEffectGraphs":true,"m_FxEnabled":true},"in2DMode":false,"pivot":{"x":-0.2286381721496582,"y":-0.4296081066131592,"z":0.1488332748413086},"rotation":{"x":-0.041789211332798007,"y":0.9573041796684265,"z":-0.22244015336036683,"w":-0.17984259128570558},"size":2.842219352722168,"orthographic":false}